ORIGIN_AIRPORT,DEST_AIRPORT,avg_dep_delay
DFW,JFK,23.3
JFK,LAS,22.8
MIA,JFK,20.5
MCO,ORD,19.818181818181817
MCO,LAX,19.142857142857142
BOS,SEA,18.857142857142858
DFW,ATL,18.625
BOS,PHX,18.181818181818183
JFK,MIA,18.0
DEN,SFO,17.857142857142858
